crate,loc,tests,purpose
vep-builtins,6147,122,Built-in annotation plugins on shared tabix engine
vep-cache-builder,2814,51,Native GFF3+FASTA+VCF cache builder
vep-cache-converter,469,4,JSON cache validator + plugin data optimizer
vep-cli,12603,219,"Binary, runner, transcript index"
vep-core,3090,105,"Canonical types, SO terms, prediction decoder"
vep-effects,22241,614,Consequence engine + 6 SV submodules
vep-fasta,304,2,Indexed FASTA wrapper
vep-io,3927,87,Input parsers + output formatters
vep-plugin,523,16,C-FFI dynamic library loader
TOTAL,52118,1220,workspace aggregate
