dataset,assembly,engine,sweep_id,binary_md5,term,vep_tuples,vep_only,engine_only,intersection,engine_tuples,precision,recall,f1
s01,GRCh37,vep-rs,sweep-20260920T012411Z,23a294cf,missense_variant,8141358,16,16,8141342,8141358,0.999998,0.999998,0.999998
s01,GRCh37,vep-rs,sweep-20260920T012411Z,23a294cf,downstream_gene_variant,6566082,0,0,6566082,6566082,1.000000,1.000000,1.000000
s01,GRCh37,vep-rs,sweep-20260920T012411Z,23a294cf,intron_variant,5983178,170,170,5983008,5983178,0.999972,0.999972,0.999972
s01,GRCh37,vep-rs,sweep-20260920T012411Z,23a294cf,upstream_gene_variant,4422040,0,0,4422040,4422040,1.000000,1.000000,1.000000
s01,GRCh37,vep-rs,sweep-20260920T012411Z,23a294cf,non_coding_transcript_exon_variant,2779340,45,45,2779295,2779340,0.999984,0.999984,0.999984
s01,GRCh37,vep-rs,sweep-20260920T012411Z,23a294cf,synonymous_variant,2647166,0,1,2647166,2647167,1.000000,1.000000,1.000000
s01,GRCh37,vep-rs,sweep-20260920T012411Z,23a294cf,NMD_transcript_variant,2034991,89,89,2034902,2034991,0.999956,0.999956,0.999956
s01,GRCh37,vep-rs,sweep-20260920T012411Z,23a294cf,non_coding_transcript_variant,1725329,26,26,1725303,1725329,0.999985,0.999985,0.999985
s01,GRCh37,vep-rs,sweep-20260920T012411Z,23a294cf,splice_region_variant,1166485,3,443,1166482,1166925,0.999620,0.999997,0.999809
s01,GRCh37,vep-rs,sweep-20260920T012411Z,23a294cf,3_prime_UTR_variant,1103218,25,25,1103193,1103218,0.999977,0.999977,0.999977
s01,GRCh37,vep-rs,sweep-20260920T012411Z,23a294cf,splice_polypyrimidine_tract_variant,1057156,98,98,1057058,1057156,0.999907,0.999907,0.999907
s01,GRCh37,vep-rs,sweep-20260920T012411Z,23a294cf,frameshift_variant,577324,274,274,577050,577324,0.999525,0.999525,0.999525
s01,GRCh37,vep-rs,sweep-20260920T012411Z,23a294cf,stop_gained,336287,30,30,336257,336287,0.999911,0.999911,0.999911
s01,GRCh37,vep-rs,sweep-20260920T012411Z,23a294cf,5_prime_UTR_variant,314943,84,84,314859,314943,0.999733,0.999733,0.999733
s01,GRCh37,vep-rs,sweep-20260920T012411Z,23a294cf,splice_donor_variant,282585,0,0,282585,282585,1.000000,1.000000,1.000000
s01,GRCh37,vep-rs,sweep-20260920T012411Z,23a294cf,splice_acceptor_variant,244382,0,0,244382,244382,1.000000,1.000000,1.000000
s01,GRCh37,vep-rs,sweep-20260920T012411Z,23a294cf,splice_donor_region_variant,162997,0,0,162997,162997,1.000000,1.000000,1.000000
s01,GRCh37,vep-rs,sweep-20260920T012411Z,23a294cf,splice_donor_5th_base_variant,100670,0,0,100670,100670,1.000000,1.000000,1.000000
s01,GRCh37,vep-rs,sweep-20260920T012411Z,23a294cf,inframe_deletion,83131,47,47,83084,83131,0.999435,0.999435,0.999435
s01,GRCh37,vep-rs,sweep-20260920T012411Z,23a294cf,inframe_insertion,33864,0,0,33864,33864,1.000000,1.000000,1.000000
s01,GRCh37,vep-rs,sweep-20260920T012411Z,23a294cf,coding_sequence_variant,31219,6,6,31213,31219,0.999808,0.999808,0.999808
s01,GRCh37,vep-rs,sweep-20260920T012411Z,23a294cf,start_lost,19377,262,0,19115,19115,1.000000,0.986479,0.993193
s01,GRCh37,vep-rs,sweep-20260920T012411Z,23a294cf,stop_lost,6395,0,0,6395,6395,1.000000,1.000000,1.000000
s01,GRCh37,vep-rs,sweep-20260920T012411Z,23a294cf,protein_altering_variant,4666,30,30,4636,4666,0.993571,0.993571,0.993571
s01,GRCh37,vep-rs,sweep-20260920T012411Z,23a294cf,stop_retained_variant,4084,0,0,4084,4084,1.000000,1.000000,1.000000
s01,GRCh37,vep-rs,sweep-20260920T012411Z,23a294cf,incomplete_terminal_codon_variant,2014,0,0,2014,2014,1.000000,1.000000,1.000000
s01,GRCh37,vep-rs,sweep-20260920T012411Z,23a294cf,start_retained_variant,593,261,261,332,593,0.559865,0.559865,0.559865
s01,GRCh37,vep-rs,sweep-20260920T012411Z,23a294cf,transcript_ablation,544,0,0,544,544,1.000000,1.000000,1.000000
s01,GRCh37,vep-rs,sweep-20260920T012411Z,23a294cf,intergenic_variant,493,0,0,493,493,1.000000,1.000000,1.000000
s01,GRCh37,vep-rs,sweep-20260920T012411Z,23a294cf,mature_miRNA_variant,234,0,0,234,234,1.000000,1.000000,1.000000
s02,GRCh38,vep-rs,sweep-20260920T012411Z,23a294cf,missense_variant,27132288,53,53,27132235,27132288,0.999998,0.999998,0.999998
s02,GRCh38,vep-rs,sweep-20260920T012411Z,23a294cf,intron_variant,19107205,582,581,19106623,19107204,0.999970,0.999970,0.999970
s02,GRCh38,vep-rs,sweep-20260920T012411Z,23a294cf,downstream_gene_variant,12001098,0,0,12001098,12001098,1.000000,1.000000,1.000000
s02,GRCh38,vep-rs,sweep-20260920T012411Z,23a294cf,synonymous_variant,9211387,0,9,9211387,9211396,0.999999,1.000000,1.000000
s02,GRCh38,vep-rs,sweep-20260920T012411Z,23a294cf,upstream_gene_variant,8625381,0,0,8625381,8625381,1.000000,1.000000,1.000000
s02,GRCh38,vep-rs,sweep-20260920T012411Z,23a294cf,NMD_transcript_variant,7957272,414,414,7956858,7957272,0.999948,0.999948,0.999948
s02,GRCh38,vep-rs,sweep-20260920T012411Z,23a294cf,non_coding_transcript_exon_variant,5769892,92,92,5769800,5769892,0.999984,0.999984,0.999984
s02,GRCh38,vep-rs,sweep-20260920T012411Z,23a294cf,non_coding_transcript_variant,4764969,64,64,4764905,4764969,0.999987,0.999987,0.999987
s02,GRCh38,vep-rs,sweep-20260920T012411Z,23a294cf,splice_region_variant,3943880,5,1449,3943875,3945324,0.999633,0.999999,0.999816
s02,GRCh38,vep-rs,sweep-20260920T012411Z,23a294cf,3_prime_UTR_variant,3868760,71,70,3868689,3868759,0.999982,0.999982,0.999982
s02,GRCh38,vep-rs,sweep-20260920T012411Z,23a294cf,splice_polypyrimidine_tract_variant,3687417,270,270,3687147,3687417,0.999927,0.999927,0.999927
s02,GRCh38,vep-rs,sweep-20260920T012411Z,23a294cf,frameshift_variant,2003677,935,935,2002742,2003677,0.999533,0.999533,0.999533
s02,GRCh38,vep-rs,sweep-20260920T012411Z,23a294cf,stop_gained,1144921,162,162,1144759,1144921,0.999859,0.999859,0.999859
s02,GRCh38,vep-rs,sweep-20260920T012411Z,23a294cf,splice_donor_variant,952834,1,0,952833,952833,1.000000,0.999999,0.999999
s02,GRCh38,vep-rs,sweep-20260920T012411Z,23a294cf,splice_acceptor_variant,815428,1,0,815427,815427,1.000000,0.999999,0.999999
s02,GRCh38,vep-rs,sweep-20260920T012411Z,23a294cf,5_prime_UTR_variant,625279,315,314,624964,625278,0.999498,0.999496,0.999497
s02,GRCh38,vep-rs,sweep-20260920T012411Z,23a294cf,splice_donor_region_variant,569911,0,0,569911,569911,1.000000,1.000000,1.000000
s02,GRCh38,vep-rs,sweep-20260920T012411Z,23a294cf,splice_donor_5th_base_variant,345476,1,0,345475,345475,1.000000,0.999997,0.999999
s02,GRCh38,vep-rs,sweep-20260920T012411Z,23a294cf,inframe_deletion,296069,158,158,295911,296069,0.999466,0.999466,0.999466
s02,GRCh38,vep-rs,sweep-20260920T012411Z,23a294cf,inframe_insertion,116771,0,0,116771,116771,1.000000,1.000000,1.000000
s02,GRCh38,vep-rs,sweep-20260920T012411Z,23a294cf,coding_sequence_variant,105367,34,34,105333,105367,0.999677,0.999677,0.999677
s02,GRCh38,vep-rs,sweep-20260920T012411Z,23a294cf,start_lost,59419,937,8,58482,58490,0.999863,0.984231,0.991985
s02,GRCh38,vep-rs,sweep-20260920T012411Z,23a294cf,stop_lost,21673,0,0,21673,21673,1.000000,1.000000,1.000000
s02,GRCh38,vep-rs,sweep-20260920T012411Z,23a294cf,protein_altering_variant,15785,143,143,15642,15785,0.990941,0.990941,0.990941
s02,GRCh38,vep-rs,sweep-20260920T012411Z,23a294cf,stop_retained_variant,15434,0,0,15434,15434,1.000000,1.000000,1.000000
s02,GRCh38,vep-rs,sweep-20260920T012411Z,23a294cf,start_retained_variant,2083,928,928,1155,2083,0.554489,0.554489,0.554489
s02,GRCh38,vep-rs,sweep-20260920T012411Z,23a294cf,incomplete_terminal_codon_variant,1929,0,0,1929,1929,1.000000,1.000000,1.000000
s02,GRCh38,vep-rs,sweep-20260920T012411Z,23a294cf,transcript_ablation,689,0,1,689,690,0.998551,1.000000,0.999275
s02,GRCh38,vep-rs,sweep-20260920T012411Z,23a294cf,mature_miRNA_variant,493,0,0,493,493,1.000000,1.000000,1.000000
s02,GRCh38,vep-rs,sweep-20260920T012411Z,23a294cf,intergenic_variant,163,0,0,163,163,1.000000,1.000000,1.000000
s02,GRCh38,vep-rs,sweep-20260920T012411Z,23a294cf,coding_transcript_variant,1,1,0,0,0,0.000000,0.000000,0.000000
s03,GRCh37,vep-rs,sweep-20260920T012411Z,23a294cf,intron_variant,7191066,0,0,7191066,7191066,1.000000,1.000000,1.000000
s03,GRCh37,vep-rs,sweep-20260920T012411Z,23a294cf,non_coding_transcript_variant,2441604,0,0,2441604,2441604,1.000000,1.000000,1.000000
s03,GRCh37,vep-rs,sweep-20260920T012411Z,23a294cf,intergenic_variant,1353836,0,0,1353836,1353836,1.000000,1.000000,1.000000
s03,GRCh37,vep-rs,sweep-20260920T012411Z,23a294cf,downstream_gene_variant,1125129,0,0,1125129,1125129,1.000000,1.000000,1.000000
s03,GRCh37,vep-rs,sweep-20260920T012411Z,23a294cf,upstream_gene_variant,1096349,0,0,1096349,1096349,1.000000,1.000000,1.000000
s03,GRCh37,vep-rs,sweep-20260920T012411Z,23a294cf,NMD_transcript_variant,289893,0,0,289893,289893,1.000000,1.000000,1.000000
s03,GRCh37,vep-rs,sweep-20260920T012411Z,23a294cf,non_coding_transcript_exon_variant,121461,0,0,121461,121461,1.000000,1.000000,1.000000
s03,GRCh37,vep-rs,sweep-20260920T012411Z,23a294cf,3_prime_UTR_variant,72318,0,0,72318,72318,1.000000,1.000000,1.000000
s03,GRCh37,vep-rs,sweep-20260920T012411Z,23a294cf,missense_variant,52698,0,0,52698,52698,1.000000,1.000000,1.000000
s03,GRCh37,vep-rs,sweep-20260920T012411Z,23a294cf,synonymous_variant,33234,0,0,33234,33234,1.000000,1.000000,1.000000
s03,GRCh37,vep-rs,sweep-20260920T012411Z,23a294cf,5_prime_UTR_variant,21862,0,0,21862,21862,1.000000,1.000000,1.000000
s03,GRCh37,vep-rs,sweep-20260920T012411Z,23a294cf,splice_polypyrimidine_tract_variant,16165,0,0,16165,16165,1.000000,1.000000,1.000000
s03,GRCh37,vep-rs,sweep-20260920T012411Z,23a294cf,splice_region_variant,13071,0,0,13071,13071,1.000000,1.000000,1.000000
s03,GRCh37,vep-rs,sweep-20260920T012411Z,23a294cf,splice_donor_region_variant,2345,0,0,2345,2345,1.000000,1.000000,1.000000
s03,GRCh37,vep-rs,sweep-20260920T012411Z,23a294cf,frameshift_variant,2302,4,4,2298,2302,0.998262,0.998262,0.998262
s03,GRCh37,vep-rs,sweep-20260920T012411Z,23a294cf,inframe_deletion,1288,3,3,1285,1288,0.997671,0.997671,0.997671
s03,GRCh37,vep-rs,sweep-20260920T012411Z,23a294cf,stop_gained,1262,0,0,1262,1262,1.000000,1.000000,1.000000
s03,GRCh37,vep-rs,sweep-20260920T012411Z,23a294cf,splice_donor_variant,1148,0,0,1148,1148,1.000000,1.000000,1.000000
s03,GRCh37,vep-rs,sweep-20260920T012411Z,23a294cf,splice_acceptor_variant,1077,0,0,1077,1077,1.000000,1.000000,1.000000
s03,GRCh37,vep-rs,sweep-20260920T012411Z,23a294cf,splice_donor_5th_base_variant,1044,0,4,1044,1048,0.996183,1.000000,0.998088
s03,GRCh37,vep-rs,sweep-20260920T012411Z,23a294cf,inframe_insertion,481,0,0,481,481,1.000000,1.000000,1.000000
s03,GRCh37,vep-rs,sweep-20260920T012411Z,23a294cf,start_lost,158,3,0,155,155,1.000000,0.981013,0.990415
s03,GRCh37,vep-rs,sweep-20260920T012411Z,23a294cf,coding_sequence_variant,150,0,0,150,150,1.000000,1.000000,1.000000
s03,GRCh37,vep-rs,sweep-20260920T012411Z,23a294cf,mature_miRNA_variant,102,0,0,102,102,1.000000,1.000000,1.000000
s03,GRCh37,vep-rs,sweep-20260920T012411Z,23a294cf,stop_lost,80,0,0,80,80,1.000000,1.000000,1.000000
s03,GRCh37,vep-rs,sweep-20260920T012411Z,23a294cf,stop_retained_variant,42,0,0,42,42,1.000000,1.000000,1.000000
s03,GRCh37,vep-rs,sweep-20260920T012411Z,23a294cf,protein_altering_variant,31,0,0,31,31,1.000000,1.000000,1.000000
s03,GRCh37,vep-rs,sweep-20260920T012411Z,23a294cf,incomplete_terminal_codon_variant,10,0,0,10,10,1.000000,1.000000,1.000000
s03,GRCh37,vep-rs,sweep-20260920T012411Z,23a294cf,start_retained_variant,3,3,3,0,3,0.000000,0.000000,0.000000
s04,GRCh38,vep-rs,sweep-20260920T012411Z,23a294cf,intron_variant,85827310,0,0,85827310,85827310,1.000000,1.000000,1.000000
s04,GRCh38,vep-rs,sweep-20260920T012411Z,23a294cf,non_coding_transcript_variant,55894342,0,0,55894342,55894342,1.000000,1.000000,1.000000
s04,GRCh38,vep-rs,sweep-20260920T012411Z,23a294cf,upstream_gene_variant,9900720,0,0,9900720,9900720,1.000000,1.000000,1.000000
s04,GRCh38,vep-rs,sweep-20260920T012411Z,23a294cf,downstream_gene_variant,9244698,0,0,9244698,9244698,1.000000,1.000000,1.000000
s04,GRCh38,vep-rs,sweep-20260920T012411Z,23a294cf,intergenic_variant,2918553,0,0,2918553,2918553,1.000000,1.000000,1.000000
s04,GRCh38,vep-rs,sweep-20260920T012411Z,23a294cf,NMD_transcript_variant,1593589,0,0,1593589,1593589,1.000000,1.000000,1.000000
s04,GRCh38,vep-rs,sweep-20260920T012411Z,23a294cf,non_coding_transcript_exon_variant,1231269,0,0,1231269,1231269,1.000000,1.000000,1.000000
s04,GRCh38,vep-rs,sweep-20260920T012411Z,23a294cf,3_prime_UTR_variant,507839,0,0,507839,507839,1.000000,1.000000,1.000000
s04,GRCh38,vep-rs,sweep-20260920T012411Z,23a294cf,missense_variant,405646,0,0,405646,405646,1.000000,1.000000,1.000000
s04,GRCh38,vep-rs,sweep-20260920T012411Z,23a294cf,synonymous_variant,223251,0,0,223251,223251,1.000000,1.000000,1.000000
s04,GRCh38,vep-rs,sweep-20260920T012411Z,23a294cf,5_prime_UTR_variant,177321,0,0,177321,177321,1.000000,1.000000,1.000000
s04,GRCh38,vep-rs,sweep-20260920T012411Z,23a294cf,splice_polypyrimidine_tract_variant,136074,0,0,136074,136074,1.000000,1.000000,1.000000
s04,GRCh38,vep-rs,sweep-20260920T012411Z,23a294cf,splice_region_variant,117844,0,0,117844,117844,1.000000,1.000000,1.000000
s04,GRCh38,vep-rs,sweep-20260920T012411Z,23a294cf,splice_donor_region_variant,21753,0,0,21753,21753,1.000000,1.000000,1.000000
s04,GRCh38,vep-rs,sweep-20260920T012411Z,23a294cf,frameshift_variant,20290,67,67,20223,20290,0.996698,0.996698,0.996698
s04,GRCh38,vep-rs,sweep-20260920T012411Z,23a294cf,splice_donor_variant,13754,0,0,13754,13754,1.000000,1.000000,1.000000
s04,GRCh38,vep-rs,sweep-20260920T012411Z,23a294cf,splice_acceptor_variant,12601,0,0,12601,12601,1.000000,1.000000,1.000000
s04,GRCh38,vep-rs,sweep-20260920T012411Z,23a294cf,stop_gained,11394,0,0,11394,11394,1.000000,1.000000,1.000000
s04,GRCh38,vep-rs,sweep-20260920T012411Z,23a294cf,splice_donor_5th_base_variant,10207,0,0,10207,10207,1.000000,1.000000,1.000000
s04,GRCh38,vep-rs,sweep-20260920T012411Z,23a294cf,inframe_deletion,8044,10,10,8034,8044,0.998757,0.998757,0.998757
s04,GRCh38,vep-rs,sweep-20260920T012411Z,23a294cf,inframe_insertion,3535,0,0,3535,3535,1.000000,1.000000,1.000000
s04,GRCh38,vep-rs,sweep-20260920T012411Z,23a294cf,coding_sequence_variant,1376,0,0,1376,1376,1.000000,1.000000,1.000000
s04,GRCh38,vep-rs,sweep-20260920T012411Z,23a294cf,start_lost,1198,77,0,1121,1121,1.000000,0.935726,0.966796
s04,GRCh38,vep-rs,sweep-20260920T012411Z,23a294cf,stop_retained_variant,637,0,0,637,637,1.000000,1.000000,1.000000
s04,GRCh38,vep-rs,sweep-20260920T012411Z,23a294cf,stop_lost,469,0,0,469,469,1.000000,1.000000,1.000000
s04,GRCh38,vep-rs,sweep-20260920T012411Z,23a294cf,mature_miRNA_variant,256,0,0,256,256,1.000000,1.000000,1.000000
s04,GRCh38,vep-rs,sweep-20260920T012411Z,23a294cf,protein_altering_variant,233,0,0,233,233,1.000000,1.000000,1.000000
s04,GRCh38,vep-rs,sweep-20260920T012411Z,23a294cf,start_retained_variant,79,77,77,2,79,0.025316,0.025316,0.025316
s04,GRCh38,vep-rs,sweep-20260920T012411Z,23a294cf,incomplete_terminal_codon_variant,28,0,0,28,28,1.000000,1.000000,1.000000
s05,GRCh37,vep-rs,sweep-20260920T012411Z,23a294cf,intron_variant,2369333,0,0,2369333,2369333,1.000000,1.000000,1.000000
s05,GRCh37,vep-rs,sweep-20260920T012411Z,23a294cf,non_coding_transcript_variant,802750,0,0,802750,802750,1.000000,1.000000,1.000000
s05,GRCh37,vep-rs,sweep-20260920T012411Z,23a294cf,intergenic_variant,414267,0,0,414267,414267,1.000000,1.000000,1.000000
s05,GRCh37,vep-rs,sweep-20260920T012411Z,23a294cf,downstream_gene_variant,360195,0,0,360195,360195,1.000000,1.000000,1.000000
s05,GRCh37,vep-rs,sweep-20260920T012411Z,23a294cf,upstream_gene_variant,347077,0,0,347077,347077,1.000000,1.000000,1.000000
s05,GRCh37,vep-rs,sweep-20260920T012411Z,23a294cf,NMD_transcript_variant,95092,0,0,95092,95092,1.000000,1.000000,1.000000
s05,GRCh37,vep-rs,sweep-20260920T012411Z,23a294cf,non_coding_transcript_exon_variant,43140,0,0,43140,43140,1.000000,1.000000,1.000000
s05,GRCh37,vep-rs,sweep-20260920T012411Z,23a294cf,3_prime_UTR_variant,25740,0,0,25740,25740,1.000000,1.000000,1.000000
s05,GRCh37,vep-rs,sweep-20260920T012411Z,23a294cf,missense_variant,20347,0,0,20347,20347,1.000000,1.000000,1.000000
s05,GRCh37,vep-rs,sweep-20260920T012411Z,23a294cf,synonymous_variant,15382,0,0,15382,15382,1.000000,1.000000,1.000000
s05,GRCh37,vep-rs,sweep-20260920T012411Z,23a294cf,5_prime_UTR_variant,6687,0,0,6687,6687,1.000000,1.000000,1.000000
s05,GRCh37,vep-rs,sweep-20260920T012411Z,23a294cf,splice_polypyrimidine_tract_variant,6193,0,0,6193,6193,1.000000,1.000000,1.000000
s05,GRCh37,vep-rs,sweep-20260920T012411Z,23a294cf,splice_region_variant,5304,0,0,5304,5304,1.000000,1.000000,1.000000
s05,GRCh37,vep-rs,sweep-20260920T012411Z,23a294cf,splice_donor_region_variant,762,0,0,762,762,1.000000,1.000000,1.000000
s05,GRCh37,vep-rs,sweep-20260920T012411Z,23a294cf,stop_gained,387,0,0,387,387,1.000000,1.000000,1.000000
s05,GRCh37,vep-rs,sweep-20260920T012411Z,23a294cf,splice_donor_variant,278,0,0,278,278,1.000000,1.000000,1.000000
s05,GRCh37,vep-rs,sweep-20260920T012411Z,23a294cf,splice_donor_5th_base_variant,267,0,0,267,267,1.000000,1.000000,1.000000
s05,GRCh37,vep-rs,sweep-20260920T012411Z,23a294cf,splice_acceptor_variant,231,0,0,231,231,1.000000,1.000000,1.000000
s05,GRCh37,vep-rs,sweep-20260920T012411Z,23a294cf,coding_sequence_variant,215,0,0,215,215,1.000000,1.000000,1.000000
s05,GRCh37,vep-rs,sweep-20260920T012411Z,23a294cf,transcript_amplification,210,0,0,210,210,1.000000,1.000000,1.000000
s05,GRCh37,vep-rs,sweep-20260920T012411Z,23a294cf,feature_truncation,208,0,0,208,208,1.000000,1.000000,1.000000
s05,GRCh37,vep-rs,sweep-20260920T012411Z,23a294cf,frameshift_variant,90,0,0,90,90,1.000000,1.000000,1.000000
s05,GRCh37,vep-rs,sweep-20260920T012411Z,23a294cf,inframe_deletion,78,0,0,78,78,1.000000,1.000000,1.000000
s05,GRCh37,vep-rs,sweep-20260920T012411Z,23a294cf,transcript_ablation,75,0,0,75,75,1.000000,1.000000,1.000000
s05,GRCh37,vep-rs,sweep-20260920T012411Z,23a294cf,inframe_insertion,47,0,0,47,47,1.000000,1.000000,1.000000
s05,GRCh37,vep-rs,sweep-20260920T012411Z,23a294cf,start_lost,44,0,0,44,44,1.000000,1.000000,1.000000
s05,GRCh37,vep-rs,sweep-20260920T012411Z,23a294cf,feature_elongation,36,0,0,36,36,1.000000,1.000000,1.000000
s05,GRCh37,vep-rs,sweep-20260920T012411Z,23a294cf,stop_lost,35,0,0,35,35,1.000000,1.000000,1.000000
s05,GRCh37,vep-rs,sweep-20260920T012411Z,23a294cf,mature_miRNA_variant,16,0,0,16,16,1.000000,1.000000,1.000000
s05,GRCh37,vep-rs,sweep-20260920T012411Z,23a294cf,stop_retained_variant,15,0,0,15,15,1.000000,1.000000,1.000000
s05,GRCh37,vep-rs,sweep-20260920T012411Z,23a294cf,coding_transcript_variant,5,0,0,5,5,1.000000,1.000000,1.000000
s05,GRCh37,vep-rs,sweep-20260920T012411Z,23a294cf,incomplete_terminal_codon_variant,5,0,0,5,5,1.000000,1.000000,1.000000
s06,GRCh38,vep-rs,sweep-20260920T012411Z,23a294cf,intron_variant,8227246,0,0,8227246,8227246,1.000000,1.000000,1.000000
s06,GRCh38,vep-rs,sweep-20260920T012411Z,23a294cf,non_coding_transcript_variant,5273822,0,0,5273822,5273822,1.000000,1.000000,1.000000
s06,GRCh38,vep-rs,sweep-20260920T012411Z,23a294cf,upstream_gene_variant,858448,0,0,858448,858448,1.000000,1.000000,1.000000
s06,GRCh38,vep-rs,sweep-20260920T012411Z,23a294cf,downstream_gene_variant,849634,0,0,849634,849634,1.000000,1.000000,1.000000
s06,GRCh38,vep-rs,sweep-20260920T012411Z,23a294cf,intergenic_variant,240289,0,0,240289,240289,1.000000,1.000000,1.000000
s06,GRCh38,vep-rs,sweep-20260920T012411Z,23a294cf,NMD_transcript_variant,155505,0,0,155505,155505,1.000000,1.000000,1.000000
s06,GRCh38,vep-rs,sweep-20260920T012411Z,23a294cf,non_coding_transcript_exon_variant,116508,0,0,116508,116508,1.000000,1.000000,1.000000
s06,GRCh38,vep-rs,sweep-20260920T012411Z,23a294cf,3_prime_UTR_variant,51696,0,0,51696,51696,1.000000,1.000000,1.000000
s06,GRCh38,vep-rs,sweep-20260920T012411Z,23a294cf,missense_variant,31157,0,0,31157,31157,1.000000,1.000000,1.000000
s06,GRCh38,vep-rs,sweep-20260920T012411Z,23a294cf,synonymous_variant,26961,0,0,26961,26961,1.000000,1.000000,1.000000
s06,GRCh38,vep-rs,sweep-20260920T012411Z,23a294cf,5_prime_UTR_variant,15758,1,1,15757,15758,0.999937,0.999937,0.999937
s06,GRCh38,vep-rs,sweep-20260920T012411Z,23a294cf,splice_polypyrimidine_tract_variant,13490,0,0,13490,13490,1.000000,1.000000,1.000000
s06,GRCh38,vep-rs,sweep-20260920T012411Z,23a294cf,splice_region_variant,10692,0,0,10692,10692,1.000000,1.000000,1.000000
s06,GRCh38,vep-rs,sweep-20260920T012411Z,23a294cf,splice_donor_region_variant,2044,0,0,2044,2044,1.000000,1.000000,1.000000
s06,GRCh38,vep-rs,sweep-20260920T012411Z,23a294cf,splice_donor_5th_base_variant,709,0,0,709,709,1.000000,1.000000,1.000000
s06,GRCh38,vep-rs,sweep-20260920T012411Z,23a294cf,inframe_deletion,613,0,0,613,613,1.000000,1.000000,1.000000
s06,GRCh38,vep-rs,sweep-20260920T012411Z,23a294cf,splice_donor_variant,589,0,0,589,589,1.000000,1.000000,1.000000
s06,GRCh38,vep-rs,sweep-20260920T012411Z,23a294cf,splice_acceptor_variant,533,0,0,533,533,1.000000,1.000000,1.000000
s06,GRCh38,vep-rs,sweep-20260920T012411Z,23a294cf,stop_gained,525,0,0,525,525,1.000000,1.000000,1.000000
s06,GRCh38,vep-rs,sweep-20260920T012411Z,23a294cf,feature_truncation,459,1,1,458,459,0.997821,0.997821,0.997821
s06,GRCh38,vep-rs,sweep-20260920T012411Z,23a294cf,inframe_insertion,385,0,0,385,385,1.000000,1.000000,1.000000
s06,GRCh38,vep-rs,sweep-20260920T012411Z,23a294cf,coding_sequence_variant,363,0,0,363,363,1.000000,1.000000,1.000000
s06,GRCh38,vep-rs,sweep-20260920T012411Z,23a294cf,transcript_amplification,295,0,0,295,295,1.000000,1.000000,1.000000
s06,GRCh38,vep-rs,sweep-20260920T012411Z,23a294cf,frameshift_variant,232,1,1,231,232,0.995690,0.995690,0.995690
s06,GRCh38,vep-rs,sweep-20260920T012411Z,23a294cf,feature_elongation,172,0,0,172,172,1.000000,1.000000,1.000000
s06,GRCh38,vep-rs,sweep-20260920T012411Z,23a294cf,stop_retained_variant,98,0,0,98,98,1.000000,1.000000,1.000000
s06,GRCh38,vep-rs,sweep-20260920T012411Z,23a294cf,start_lost,81,1,1,80,81,0.987654,0.987654,0.987654
s06,GRCh38,vep-rs,sweep-20260920T012411Z,23a294cf,stop_lost,54,0,0,54,54,1.000000,1.000000,1.000000
s06,GRCh38,vep-rs,sweep-20260920T012411Z,23a294cf,transcript_ablation,38,0,0,38,38,1.000000,1.000000,1.000000
s06,GRCh38,vep-rs,sweep-20260920T012411Z,23a294cf,mature_miRNA_variant,10,0,0,10,10,1.000000,1.000000,1.000000
s06,GRCh38,vep-rs,sweep-20260920T012411Z,23a294cf,coding_transcript_variant,6,0,0,6,6,1.000000,1.000000,1.000000
s06,GRCh38,vep-rs,sweep-20260920T012411Z,23a294cf,incomplete_terminal_codon_variant,4,0,0,4,4,1.000000,1.000000,1.000000
s06,GRCh38,vep-rs,sweep-20260920T012411Z,23a294cf,protein_altering_variant,3,0,0,3,3,1.000000,1.000000,1.000000
s06,GRCh38,vep-rs,sweep-20260920T012411Z,23a294cf,start_retained_variant,1,1,0,0,0,0.000000,0.000000,0.000000
s01,GRCh37,fastvep,sweep-20260918T224520Z,v0.3.0,missense_variant,8141358,15203,45641,8126155,8171796,0.994415,0.998133,0.996270
s01,GRCh37,fastvep,sweep-20260918T224520Z,v0.3.0,downstream_gene_variant,6566082,2874224,119565,3691858,3811423,0.968630,0.562262,0.711512
s01,GRCh37,fastvep,sweep-20260918T224520Z,v0.3.0,intron_variant,5983178,1182506,288473,4800672,5089145,0.943316,0.802362,0.867148
s01,GRCh37,fastvep,sweep-20260918T224520Z,v0.3.0,upstream_gene_variant,4422040,2179408,79801,2242632,2322433,0.965639,0.507149,0.665028
s01,GRCh37,fastvep,sweep-20260918T224520Z,v0.3.0,non_coding_transcript_exon_variant,2779340,2706909,2285,72431,74716,0.969418,0.026061,0.050757
s01,GRCh37,fastvep,sweep-20260918T224520Z,v0.3.0,synonymous_variant,2647166,803,20793,2646363,2667156,0.992204,0.999697,0.995936
s01,GRCh37,fastvep,sweep-20260918T224520Z,v0.3.0,NMD_transcript_variant,2034991,58114,147740,1976877,2124617,0.930463,0.971443,0.950511
s01,GRCh37,fastvep,sweep-20260918T224520Z,v0.3.0,non_coding_transcript_variant,1725329,1058841,24772,666488,691260,0.964164,0.386296,0.551594
s01,GRCh37,fastvep,sweep-20260918T224520Z,v0.3.0,splice_region_variant,1166485,231253,42370,935232,977602,0.956659,0.801752,0.872383
s01,GRCh37,fastvep,sweep-20260918T224520Z,v0.3.0,3_prime_UTR_variant,1103218,31826,51872,1071392,1123264,0.953820,0.971152,0.962408
s01,GRCh37,fastvep,sweep-20260918T224520Z,v0.3.0,splice_polypyrimidine_tract_variant,1057156,222550,46613,834606,881219,0.947104,0.789482,0.861140
s01,GRCh37,fastvep,sweep-20260918T224520Z,v0.3.0,frameshift_variant,577324,185609,197116,391715,588831,0.665242,0.678501,0.671806
s01,GRCh37,fastvep,sweep-20260918T224520Z,v0.3.0,stop_gained,336287,12572,2095,323715,325810,0.993570,0.962615,0.977848
s01,GRCh37,fastvep,sweep-20260918T224520Z,v0.3.0,5_prime_UTR_variant,314943,10007,10290,304936,315226,0.967357,0.968226,0.967791
s01,GRCh37,fastvep,sweep-20260918T224520Z,v0.3.0,splice_donor_variant,282585,74057,9893,208528,218421,0.954707,0.737930,0.832437
s01,GRCh37,fastvep,sweep-20260918T224520Z,v0.3.0,splice_acceptor_variant,244382,61363,4644,183019,187663,0.975254,0.748905,0.847222
s01,GRCh37,fastvep,sweep-20260918T224520Z,v0.3.0,splice_donor_region_variant,162997,34914,9841,128083,137924,0.928649,0.785800,0.851273
s01,GRCh37,fastvep,sweep-20260918T224520Z,v0.3.0,splice_donor_5th_base_variant,100670,37152,2182,63518,65700,0.966788,0.630953,0.763575
s01,GRCh37,fastvep,sweep-20260918T224520Z,v0.3.0,inframe_deletion,83131,1465,8251,81666,89917,0.908238,0.982377,0.943854
s01,GRCh37,fastvep,sweep-20260918T224520Z,v0.3.0,inframe_insertion,33864,33704,35608,160,35768,0.004473,0.004725,0.004596
s01,GRCh37,fastvep,sweep-20260918T224520Z,v0.3.0,coding_sequence_variant,31219,28395,13335,2824,16159,0.174763,0.090458,0.119211
s01,GRCh37,fastvep,sweep-20260918T224520Z,v0.3.0,start_lost,19377,1534,2289,17843,20132,0.886300,0.920834,0.903237
s01,GRCh37,fastvep,sweep-20260918T224520Z,v0.3.0,stop_lost,6395,1286,50,5109,5159,0.990308,0.798905,0.884369
s01,GRCh37,fastvep,sweep-20260918T224520Z,v0.3.0,protein_altering_variant,4666,4666,0,0,0,0.000000,0.000000,0.000000
s01,GRCh37,fastvep,sweep-20260918T224520Z,v0.3.0,stop_retained_variant,4084,2016,21,2068,2089,0.989947,0.506366,0.670015
s01,GRCh37,fastvep,sweep-20260918T224520Z,v0.3.0,incomplete_terminal_codon_variant,2014,2014,0,0,0,0.000000,0.000000,0.000000
s01,GRCh37,fastvep,sweep-20260918T224520Z,v0.3.0,start_retained_variant,593,593,0,0,0,0.000000,0.000000,0.000000
s01,GRCh37,fastvep,sweep-20260918T224520Z,v0.3.0,transcript_ablation,544,544,0,0,0,0.000000,0.000000,0.000000
s01,GRCh37,fastvep,sweep-20260918T224520Z,v0.3.0,intergenic_variant,493,37,7405,456,7861,0.058008,0.924949,0.109169
s01,GRCh37,fastvep,sweep-20260918T224520Z,v0.3.0,mature_miRNA_variant,234,234,0,0,0,0.000000,0.000000,0.000000
s01,GRCh37,fastvep,sweep-20260918T224520Z,v0.3.0,coding_transcript_variant,0,0,408,0,408,0.000000,0.000000,0.000000
s02,GRCh38,fastvep,sweep-20260918T224520Z,v0.3.0,missense_variant,27132288,31235,96153,27101053,27197206,0.996465,0.998849,0.997655
s02,GRCh38,fastvep,sweep-20260918T224520Z,v0.3.0,intron_variant,19107205,839414,947113,18267791,19214904,0.950709,0.956068,0.953381
s02,GRCh38,fastvep,sweep-20260918T224520Z,v0.3.0,downstream_gene_variant,12001098,307189,364991,11693909,12058900,0.969733,0.974403,0.972062
s02,GRCh38,fastvep,sweep-20260918T224520Z,v0.3.0,synonymous_variant,9211387,1006,59120,9210381,9269501,0.993622,0.999891,0.996747
s02,GRCh38,fastvep,sweep-20260918T224520Z,v0.3.0,upstream_gene_variant,8625381,214013,256091,8411368,8667459,0.970454,0.975188,0.972815
s02,GRCh38,fastvep,sweep-20260918T224520Z,v0.3.0,NMD_transcript_variant,7957272,268008,486560,7689264,8175824,0.940488,0.966319,0.953229
s02,GRCh38,fastvep,sweep-20260918T224520Z,v0.3.0,non_coding_transcript_exon_variant,5769892,146649,196974,5623243,5820217,0.966157,0.974584,0.970352
s02,GRCh38,fastvep,sweep-20260918T224520Z,v0.3.0,non_coding_transcript_variant,4764969,150776,207465,4614193,4821658,0.956972,0.968357,0.962631
s02,GRCh38,fastvep,sweep-20260918T224520Z,v0.3.0,splice_region_variant,3943880,149681,167126,3794199,3961325,0.957811,0.962047,0.959924
s02,GRCh38,fastvep,sweep-20260918T224520Z,v0.3.0,3_prime_UTR_variant,3868760,115056,176403,3753704,3930107,0.955115,0.970260,0.962628
s02,GRCh38,fastvep,sweep-20260918T224520Z,v0.3.0,splice_polypyrimidine_tract_variant,3687417,190441,184986,3496976,3681962,0.949759,0.948354,0.949056
s02,GRCh38,fastvep,sweep-20260918T224520Z,v0.3.0,frameshift_variant,2003677,651767,693519,1351910,2045429,0.660942,0.674715,0.667757
s02,GRCh38,fastvep,sweep-20260918T224520Z,v0.3.0,stop_gained,1144921,42934,6236,1101987,1108223,0.994373,0.962500,0.978177
s02,GRCh38,fastvep,sweep-20260918T224520Z,v0.3.0,splice_donor_variant,952834,106289,39802,846545,886347,0.955094,0.888450,0.920567
s02,GRCh38,fastvep,sweep-20260918T224520Z,v0.3.0,splice_acceptor_variant,815428,79012,19525,736416,755941,0.974171,0.903104,0.937292
s02,GRCh38,fastvep,sweep-20260918T224520Z,v0.3.0,5_prime_UTR_variant,625279,26362,25393,598917,624310,0.959326,0.957840,0.958582
s02,GRCh38,fastvep,sweep-20260918T224520Z,v0.3.0,splice_donor_region_variant,569911,32636,40011,537275,577286,0.930691,0.942735,0.936674
s02,GRCh38,fastvep,sweep-20260918T224520Z,v0.3.0,splice_donor_5th_base_variant,345476,83855,8896,261621,270517,0.967115,0.757277,0.849428
s02,GRCh38,fastvep,sweep-20260918T224520Z,v0.3.0,inframe_deletion,296069,5578,29420,290491,319911,0.908037,0.981160,0.943183
s02,GRCh38,fastvep,sweep-20260918T224520Z,v0.3.0,inframe_insertion,116771,116286,121654,485,122139,0.003971,0.004153,0.004060
s02,GRCh38,fastvep,sweep-20260918T224520Z,v0.3.0,coding_sequence_variant,105367,94954,46450,10413,56863,0.183124,0.098826,0.128373
s02,GRCh38,fastvep,sweep-20260918T224520Z,v0.3.0,start_lost,59419,5517,3410,53902,57312,0.940501,0.907151,0.923525
s02,GRCh38,fastvep,sweep-20260918T224520Z,v0.3.0,stop_lost,21673,4781,109,16892,17001,0.993589,0.779403,0.873558
s02,GRCh38,fastvep,sweep-20260918T224520Z,v0.3.0,protein_altering_variant,15785,15785,0,0,0,0.000000,0.000000,0.000000
s02,GRCh38,fastvep,sweep-20260918T224520Z,v0.3.0,stop_retained_variant,15434,8082,38,7352,7390,0.994858,0.476351,0.644234
s02,GRCh38,fastvep,sweep-20260918T224520Z,v0.3.0,start_retained_variant,2083,2083,0,0,0,0.000000,0.000000,0.000000
s02,GRCh38,fastvep,sweep-20260918T224520Z,v0.3.0,incomplete_terminal_codon_variant,1929,1929,0,0,0,0.000000,0.000000,0.000000
s02,GRCh38,fastvep,sweep-20260918T224520Z,v0.3.0,transcript_ablation,689,689,0,0,0,0.000000,0.000000,0.000000
s02,GRCh38,fastvep,sweep-20260918T224520Z,v0.3.0,mature_miRNA_variant,493,493,0,0,0,0.000000,0.000000,0.000000
s02,GRCh38,fastvep,sweep-20260918T224520Z,v0.3.0,intergenic_variant,163,26,28,137,165,0.830303,0.840491,0.835366
s02,GRCh38,fastvep,sweep-20260918T224520Z,v0.3.0,coding_transcript_variant,1,1,1084,0,1084,0.000000,0.000000,0.000000
s03,GRCh37,fastvep,sweep-20260918T224520Z,v0.3.0,intron_variant,7191066,2404915,338157,4786151,5124308,0.934009,0.665569,0.777264
s03,GRCh37,fastvep,sweep-20260918T224520Z,v0.3.0,non_coding_transcript_variant,2441604,2131419,18812,310185,328997,0.942820,0.127041,0.223912
s03,GRCh37,fastvep,sweep-20260918T224520Z,v0.3.0,intergenic_variant,1353836,68457,576460,1285379,1861839,0.690381,0.949435,0.799446
s03,GRCh37,fastvep,sweep-20260918T224520Z,v0.3.0,downstream_gene_variant,1125129,539961,42246,585168,627414,0.932666,0.520090,0.667793
s03,GRCh37,fastvep,sweep-20260918T224520Z,v0.3.0,upstream_gene_variant,1096349,518700,37766,577649,615415,0.938633,0.526884,0.674917
s03,GRCh37,fastvep,sweep-20260918T224520Z,v0.3.0,NMD_transcript_variant,289893,16452,19446,273441,292887,0.933606,0.943248,0.938402
s03,GRCh37,fastvep,sweep-20260918T224520Z,v0.3.0,non_coding_transcript_exon_variant,121461,101673,827,19788,20615,0.959884,0.162916,0.278555
s03,GRCh37,fastvep,sweep-20260918T224520Z,v0.3.0,3_prime_UTR_variant,72318,3780,3976,68538,72514,0.945169,0.947731,0.946448
s03,GRCh37,fastvep,sweep-20260918T224520Z,v0.3.0,missense_variant,52698,92,260,52606,52866,0.995082,0.998254,0.996666
s03,GRCh37,fastvep,sweep-20260918T224520Z,v0.3.0,synonymous_variant,33234,86,164,33148,33312,0.995077,0.997412,0.996243
s03,GRCh37,fastvep,sweep-20260918T224520Z,v0.3.0,5_prime_UTR_variant,21862,1101,1171,20761,21932,0.946608,0.949639,0.948121
s03,GRCh37,fastvep,sweep-20260918T224520Z,v0.3.0,splice_polypyrimidine_tract_variant,16165,5364,878,10801,11679,0.924822,0.668172,0.775822
s03,GRCh37,fastvep,sweep-20260918T224520Z,v0.3.0,splice_region_variant,13071,4241,464,8830,9294,0.950075,0.675541,0.789627
s03,GRCh37,fastvep,sweep-20260918T224520Z,v0.3.0,splice_donor_region_variant,2345,776,117,1569,1686,0.930605,0.669083,0.778467
s03,GRCh37,fastvep,sweep-20260918T224520Z,v0.3.0,frameshift_variant,2302,834,884,1468,2352,0.624150,0.637706,0.630855
s03,GRCh37,fastvep,sweep-20260918T224520Z,v0.3.0,inframe_deletion,1288,15,42,1273,1315,0.968061,0.988354,0.978102
s03,GRCh37,fastvep,sweep-20260918T224520Z,v0.3.0,stop_gained,1262,60,12,1202,1214,0.990115,0.952456,0.970921
s03,GRCh37,fastvep,sweep-20260918T224520Z,v0.3.0,splice_donor_variant,1148,534,64,614,678,0.905605,0.534843,0.672508
s03,GRCh37,fastvep,sweep-20260918T224520Z,v0.3.0,splice_acceptor_variant,1077,526,39,551,590,0.933898,0.511606,0.661068
s03,GRCh37,fastvep,sweep-20260918T224520Z,v0.3.0,splice_donor_5th_base_variant,1044,439,24,605,629,0.961844,0.579502,0.723252
s03,GRCh37,fastvep,sweep-20260918T224520Z,v0.3.0,inframe_insertion,481,481,504,0,504,0.000000,0.000000,0.000000
s03,GRCh37,fastvep,sweep-20260918T224520Z,v0.3.0,start_lost,158,15,16,143,159,0.899371,0.905063,0.902208
s03,GRCh37,fastvep,sweep-20260918T224520Z,v0.3.0,coding_sequence_variant,150,149,67,1,68,0.014706,0.006667,0.009174
s03,GRCh37,fastvep,sweep-20260918T224520Z,v0.3.0,mature_miRNA_variant,102,102,0,0,0,0.000000,0.000000,0.000000
s03,GRCh37,fastvep,sweep-20260918T224520Z,v0.3.0,stop_lost,80,17,0,63,63,1.000000,0.787500,0.881119
s03,GRCh37,fastvep,sweep-20260918T224520Z,v0.3.0,stop_retained_variant,42,16,0,26,26,1.000000,0.619048,0.764706
s03,GRCh37,fastvep,sweep-20260918T224520Z,v0.3.0,protein_altering_variant,31,31,0,0,0,0.000000,0.000000,0.000000
s03,GRCh37,fastvep,sweep-20260918T224520Z,v0.3.0,incomplete_terminal_codon_variant,10,10,0,0,0,0.000000,0.000000,0.000000
s03,GRCh37,fastvep,sweep-20260918T224520Z,v0.3.0,start_retained_variant,3,3,0,0,0,0.000000,0.000000,0.000000
s03,GRCh37,fastvep,sweep-20260918T224520Z,v0.3.0,coding_transcript_variant,0,0,36,0,36,0.000000,0.000000,0.000000
s04,GRCh38,fastvep,sweep-20260918T224520Z,v0.3.0,intron_variant,85827310,6550222,7250425,79277088,86527513,0.916207,0.923681,0.919929
s04,GRCh38,fastvep,sweep-20260918T224520Z,v0.3.0,non_coding_transcript_variant,55894342,3956406,4079556,51937936,56017492,0.927174,0.929216,0.928194
s04,GRCh38,fastvep,sweep-20260918T224520Z,v0.3.0,upstream_gene_variant,9900720,845639,873465,9055081,9928546,0.912025,0.914588,0.913305
s04,GRCh38,fastvep,sweep-20260918T224520Z,v0.3.0,downstream_gene_variant,9244698,806246,837448,8438452,9275900,0.909718,0.912788,0.911250
s04,GRCh38,fastvep,sweep-20260918T224520Z,v0.3.0,intergenic_variant,2918553,224303,193638,2694250,2887888,0.932948,0.923146,0.928021
s04,GRCh38,fastvep,sweep-20260918T224520Z,v0.3.0,NMD_transcript_variant,1593589,127955,527935,1465634,1993569,0.735181,0.919706,0.817156
s04,GRCh38,fastvep,sweep-20260918T224520Z,v0.3.0,non_coding_transcript_exon_variant,1231269,50646,55603,1180623,1236226,0.955022,0.958867,0.956941
s04,GRCh38,fastvep,sweep-20260918T224520Z,v0.3.0,3_prime_UTR_variant,507839,28787,39889,479052,518941,0.923134,0.943315,0.933115
s04,GRCh38,fastvep,sweep-20260918T224520Z,v0.3.0,missense_variant,405646,8,3480,405638,409118,0.991494,0.999980,0.995719
s04,GRCh38,fastvep,sweep-20260918T224520Z,v0.3.0,synonymous_variant,223251,6,1660,223245,224905,0.992619,0.999973,0.996283
s04,GRCh38,fastvep,sweep-20260918T224520Z,v0.3.0,5_prime_UTR_variant,177321,11280,12672,166041,178713,0.929093,0.936387,0.932726
s04,GRCh38,fastvep,sweep-20260918T224520Z,v0.3.0,splice_polypyrimidine_tract_variant,136074,12142,11622,123932,135554,0.914263,0.910769,0.912513
s04,GRCh38,fastvep,sweep-20260918T224520Z,v0.3.0,splice_region_variant,117844,7246,7162,110598,117760,0.939181,0.938512,0.938847
s04,GRCh38,fastvep,sweep-20260918T224520Z,v0.3.0,splice_donor_region_variant,21753,1530,2248,20223,22471,0.899960,0.929665,0.914571
s04,GRCh38,fastvep,sweep-20260918T224520Z,v0.3.0,frameshift_variant,20290,7827,8575,12463,21038,0.592404,0.614243,0.603126
s04,GRCh38,fastvep,sweep-20260918T224520Z,v0.3.0,splice_donor_variant,13754,2220,1159,11534,12693,0.908690,0.838592,0.872235
s04,GRCh38,fastvep,sweep-20260918T224520Z,v0.3.0,splice_acceptor_variant,12601,1882,948,10719,11667,0.918745,0.850647,0.883386
s04,GRCh38,fastvep,sweep-20260918T224520Z,v0.3.0,stop_gained,11394,555,133,10839,10972,0.987878,0.951290,0.969239
s04,GRCh38,fastvep,sweep-20260918T224520Z,v0.3.0,splice_donor_5th_base_variant,10207,2006,590,8201,8791,0.932886,0.803468,0.863354
s04,GRCh38,fastvep,sweep-20260918T224520Z,v0.3.0,inframe_deletion,8044,103,496,7941,8437,0.941211,0.987195,0.963655
s04,GRCh38,fastvep,sweep-20260918T224520Z,v0.3.0,inframe_insertion,3535,3535,3418,0,3418,0.000000,0.000000,0.000000
s04,GRCh38,fastvep,sweep-20260918T224520Z,v0.3.0,coding_sequence_variant,1376,1315,887,61,948,0.064346,0.044331,0.052496
s04,GRCh38,fastvep,sweep-20260918T224520Z,v0.3.0,start_lost,1198,110,43,1088,1131,0.961981,0.908180,0.934307
s04,GRCh38,fastvep,sweep-20260918T224520Z,v0.3.0,stop_retained_variant,637,464,2,173,175,0.988571,0.271586,0.426108
s04,GRCh38,fastvep,sweep-20260918T224520Z,v0.3.0,stop_lost,469,121,11,348,359,0.969359,0.742004,0.840580
s04,GRCh38,fastvep,sweep-20260918T224520Z,v0.3.0,mature_miRNA_variant,256,256,0,0,0,0.000000,0.000000,0.000000
s04,GRCh38,fastvep,sweep-20260918T224520Z,v0.3.0,protein_altering_variant,233,233,0,0,0,0.000000,0.000000,0.000000
s04,GRCh38,fastvep,sweep-20260918T224520Z,v0.3.0,start_retained_variant,79,79,0,0,0,0.000000,0.000000,0.000000
s04,GRCh38,fastvep,sweep-20260918T224520Z,v0.3.0,incomplete_terminal_codon_variant,28,28,0,0,0,0.000000,0.000000,0.000000
s04,GRCh38,fastvep,sweep-20260918T224520Z,v0.3.0,coding_transcript_variant,0,0,422,0,422,0.000000,0.000000,0.000000
s05,GRCh37,fastvep,sweep-20260918T224520Z,v0.3.0,intron_variant,2369333,729176,42977,1640157,1683134,0.974466,0.692244,0.809461
s05,GRCh37,fastvep,sweep-20260918T224520Z,v0.3.0,non_coding_transcript_variant,802750,701996,1653,100754,102407,0.983859,0.125511,0.222622
s05,GRCh37,fastvep,sweep-20260918T224520Z,v0.3.0,intergenic_variant,414267,6536,176294,407731,584025,0.698140,0.984223,0.816857
s05,GRCh37,fastvep,sweep-20260918T224520Z,v0.3.0,downstream_gene_variant,360195,164429,4653,195766,200419,0.976784,0.543500,0.698399
s05,GRCh37,fastvep,sweep-20260918T224520Z,v0.3.0,upstream_gene_variant,347077,157861,4252,189216,193468,0.978022,0.545170,0.700093
s05,GRCh37,fastvep,sweep-20260918T224520Z,v0.3.0,NMD_transcript_variant,95092,1515,2506,93577,96083,0.973918,0.984068,0.978967
s05,GRCh37,fastvep,sweep-20260918T224520Z,v0.3.0,non_coding_transcript_exon_variant,43140,36286,89,6854,6943,0.987181,0.158878,0.273706
s05,GRCh37,fastvep,sweep-20260918T224520Z,v0.3.0,3_prime_UTR_variant,25740,676,713,25064,25777,0.972340,0.973737,0.973038
s05,GRCh37,fastvep,sweep-20260918T224520Z,v0.3.0,missense_variant,20347,25,113,20322,20435,0.994470,0.998771,0.996616
s05,GRCh37,fastvep,sweep-20260918T224520Z,v0.3.0,synonymous_variant,15382,13,62,15369,15431,0.995982,0.999155,0.997566
s05,GRCh37,fastvep,sweep-20260918T224520Z,v0.3.0,5_prime_UTR_variant,6687,239,135,6448,6583,0.979493,0.964259,0.971816
s05,GRCh37,fastvep,sweep-20260918T224520Z,v0.3.0,splice_polypyrimidine_tract_variant,6193,1834,140,4359,4499,0.968882,0.703859,0.815376
s05,GRCh37,fastvep,sweep-20260918T224520Z,v0.3.0,splice_region_variant,5304,1528,81,3776,3857,0.978999,0.711916,0.824364
s05,GRCh37,fastvep,sweep-20260918T224520Z,v0.3.0,splice_donor_region_variant,762,244,6,518,524,0.988550,0.679790,0.805599
s05,GRCh37,fastvep,sweep-20260918T224520Z,v0.3.0,stop_gained,387,1,4,386,390,0.989744,0.997416,0.993565
s05,GRCh37,fastvep,sweep-20260918T224520Z,v0.3.0,splice_donor_variant,278,84,4,194,198,0.979798,0.697842,0.815126
s05,GRCh37,fastvep,sweep-20260918T224520Z,v0.3.0,splice_donor_5th_base_variant,267,81,12,186,198,0.939394,0.696629,0.800000
s05,GRCh37,fastvep,sweep-20260918T224520Z,v0.3.0,splice_acceptor_variant,231,87,114,144,258,0.558140,0.623377,0.588957
s05,GRCh37,fastvep,sweep-20260918T224520Z,v0.3.0,coding_sequence_variant,215,215,389,0,389,0.000000,0.000000,0.000000
s05,GRCh37,fastvep,sweep-20260918T224520Z,v0.3.0,transcript_amplification,210,210,114,0,114,0.000000,0.000000,0.000000
s05,GRCh37,fastvep,sweep-20260918T224520Z,v0.3.0,feature_truncation,208,208,600,0,600,0.000000,0.000000,0.000000
s05,GRCh37,fastvep,sweep-20260918T224520Z,v0.3.0,frameshift_variant,90,48,50,42,92,0.456522,0.466667,0.461538
s05,GRCh37,fastvep,sweep-20260918T224520Z,v0.3.0,inframe_deletion,78,0,0,78,78,1.000000,1.000000,1.000000
s05,GRCh37,fastvep,sweep-20260918T224520Z,v0.3.0,transcript_ablation,75,75,40,0,40,0.000000,0.000000,0.000000
s05,GRCh37,fastvep,sweep-20260918T224520Z,v0.3.0,inframe_insertion,47,47,43,0,43,0.000000,0.000000,0.000000
s05,GRCh37,fastvep,sweep-20260918T224520Z,v0.3.0,start_lost,44,0,8,44,52,0.846154,1.000000,0.916667
s05,GRCh37,fastvep,sweep-20260918T224520Z,v0.3.0,feature_elongation,36,36,174,0,174,0.000000,0.000000,0.000000
s05,GRCh37,fastvep,sweep-20260918T224520Z,v0.3.0,stop_lost,35,24,0,11,11,1.000000,0.314286,0.478261
s05,GRCh37,fastvep,sweep-20260918T224520Z,v0.3.0,mature_miRNA_variant,16,16,0,0,0,0.000000,0.000000,0.000000
s05,GRCh37,fastvep,sweep-20260918T224520Z,v0.3.0,stop_retained_variant,15,4,0,11,11,1.000000,0.733333,0.846154
s05,GRCh37,fastvep,sweep-20260918T224520Z,v0.3.0,coding_transcript_variant,5,5,5,0,5,0.000000,0.000000,0.000000
s05,GRCh37,fastvep,sweep-20260918T224520Z,v0.3.0,incomplete_terminal_codon_variant,5,5,0,0,0,0.000000,0.000000,0.000000
s05,GRCh37,fastvep,sweep-20260918T224520Z,v0.3.0,copy_number_change,0,0,70,0,70,0.000000,0.000000,0.000000
s05,GRCh37,fastvep,sweep-20260918T224520Z,v0.3.0,copy_number_decrease,0,0,588,0,588,0.000000,0.000000,0.000000
s05,GRCh37,fastvep,sweep-20260918T224520Z,v0.3.0,copy_number_increase,0,0,174,0,174,0.000000,0.000000,0.000000
s05,GRCh37,fastvep,sweep-20260918T224520Z,v0.3.0,transcript_variant,0,0,16,0,16,0.000000,0.000000,0.000000
s06,GRCh38,fastvep,sweep-20260918T224520Z,v0.3.0,intron_variant,8227246,475952,538369,7751294,8289663,0.935055,0.942149,0.938589
s06,GRCh38,fastvep,sweep-20260918T224520Z,v0.3.0,non_coding_transcript_variant,5273822,290156,296478,4983666,5280144,0.943850,0.944982,0.944416
s06,GRCh38,fastvep,sweep-20260918T224520Z,v0.3.0,upstream_gene_variant,858448,52735,57094,805713,862807,0.933828,0.938569,0.936192
s06,GRCh38,fastvep,sweep-20260918T224520Z,v0.3.0,downstream_gene_variant,849634,52674,55961,796960,852921,0.934389,0.938004,0.936193
s06,GRCh38,fastvep,sweep-20260918T224520Z,v0.3.0,intergenic_variant,240289,12850,12220,227439,239659,0.949011,0.946523,0.947765
s06,GRCh38,fastvep,sweep-20260918T224520Z,v0.3.0,NMD_transcript_variant,155505,9620,51524,145885,197409,0.738999,0.938137,0.826745
s06,GRCh38,fastvep,sweep-20260918T224520Z,v0.3.0,non_coding_transcript_exon_variant,116508,4826,4554,111682,116236,0.960821,0.958578,0.959698
s06,GRCh38,fastvep,sweep-20260918T224520Z,v0.3.0,3_prime_UTR_variant,51696,2540,3489,49156,52645,0.933726,0.950867,0.942218
s06,GRCh38,fastvep,sweep-20260918T224520Z,v0.3.0,missense_variant,31157,1,367,31156,31523,0.988358,0.999968,0.994129
s06,GRCh38,fastvep,sweep-20260918T224520Z,v0.3.0,synonymous_variant,26961,1,202,26960,27162,0.992563,0.999963,0.996249
s06,GRCh38,fastvep,sweep-20260918T224520Z,v0.3.0,5_prime_UTR_variant,15758,989,1042,14769,15811,0.934097,0.937238,0.935665
s06,GRCh38,fastvep,sweep-20260918T224520Z,v0.3.0,splice_polypyrimidine_tract_variant,13490,1530,1515,11960,13475,0.887570,0.886583,0.887076
s06,GRCh38,fastvep,sweep-20260918T224520Z,v0.3.0,splice_region_variant,10692,572,553,10120,10673,0.948187,0.946502,0.947344
s06,GRCh38,fastvep,sweep-20260918T224520Z,v0.3.0,splice_donor_region_variant,2044,74,146,1970,2116,0.931002,0.963796,0.947115
s06,GRCh38,fastvep,sweep-20260918T224520Z,v0.3.0,splice_donor_5th_base_variant,709,136,91,573,664,0.862952,0.808181,0.834669
s06,GRCh38,fastvep,sweep-20260918T224520Z,v0.3.0,inframe_deletion,613,2,28,611,639,0.956182,0.996737,0.976038
s06,GRCh38,fastvep,sweep-20260918T224520Z,v0.3.0,splice_donor_variant,589,99,64,490,554,0.884477,0.831919,0.857393
s06,GRCh38,fastvep,sweep-20260918T224520Z,v0.3.0,splice_acceptor_variant,533,50,195,483,678,0.712389,0.906191,0.797688
s06,GRCh38,fastvep,sweep-20260918T224520Z,v0.3.0,stop_gained,525,0,34,525,559,0.939177,1.000000,0.968635
s06,GRCh38,fastvep,sweep-20260918T224520Z,v0.3.0,feature_truncation,459,459,5636,0,5636,0.000000,0.000000,0.000000
s06,GRCh38,fastvep,sweep-20260918T224520Z,v0.3.0,inframe_insertion,385,385,298,0,298,0.000000,0.000000,0.000000
s06,GRCh38,fastvep,sweep-20260918T224520Z,v0.3.0,coding_sequence_variant,363,363,1526,0,1526,0.000000,0.000000,0.000000
s06,GRCh38,fastvep,sweep-20260918T224520Z,v0.3.0,transcript_amplification,295,295,294,0,294,0.000000,0.000000,0.000000
s06,GRCh38,fastvep,sweep-20260918T224520Z,v0.3.0,frameshift_variant,232,104,178,128,306,0.418301,0.551724,0.475836
s06,GRCh38,fastvep,sweep-20260918T224520Z,v0.3.0,feature_elongation,172,172,1774,0,1774,0.000000,0.000000,0.000000
s06,GRCh38,fastvep,sweep-20260918T224520Z,v0.3.0,stop_retained_variant,98,90,0,8,8,1.000000,0.081633,0.150943
s06,GRCh38,fastvep,sweep-20260918T224520Z,v0.3.0,start_lost,81,2,2,79,81,0.975309,0.975309,0.975309
s06,GRCh38,fastvep,sweep-20260918T224520Z,v0.3.0,stop_lost,54,34,0,20,20,1.000000,0.370370,0.540541
s06,GRCh38,fastvep,sweep-20260918T224520Z,v0.3.0,transcript_ablation,38,38,38,0,38,0.000000,0.000000,0.000000
s06,GRCh38,fastvep,sweep-20260918T224520Z,v0.3.0,mature_miRNA_variant,10,10,0,0,0,0.000000,0.000000,0.000000
s06,GRCh38,fastvep,sweep-20260918T224520Z,v0.3.0,coding_transcript_variant,6,6,24,0,24,0.000000,0.000000,0.000000
s06,GRCh38,fastvep,sweep-20260918T224520Z,v0.3.0,incomplete_terminal_codon_variant,4,4,0,0,0,0.000000,0.000000,0.000000
s06,GRCh38,fastvep,sweep-20260918T224520Z,v0.3.0,protein_altering_variant,3,3,0,0,0,0.000000,0.000000,0.000000
s06,GRCh38,fastvep,sweep-20260918T224520Z,v0.3.0,start_retained_variant,1,1,0,0,0,0.000000,0.000000,0.000000
s06,GRCh38,fastvep,sweep-20260918T224520Z,v0.3.0,copy_number_decrease,0,0,5581,0,5581,0.000000,0.000000,0.000000
s06,GRCh38,fastvep,sweep-20260918T224520Z,v0.3.0,copy_number_increase,0,0,1774,0,1774,0.000000,0.000000,0.000000
s06,GRCh38,fastvep,sweep-20260918T224520Z,v0.3.0,transcript_variant,0,0,6,0,6,0.000000,0.000000,0.000000
