engine,sweep_id,binary_md5,term,vep_tuples,vep_only,engine_only,intersection,engine_tuples,precision,recall,f1,vep_only_excluded,engine_only_excluded,adj_f1
vep-rs,sweep-20260920T012411Z,23a294cf,intron_variant,128705338,752,751,128704586,128705337,0.999994,0.999994,0.999994,751,751,1.000000
vep-rs,sweep-20260920T012411Z,23a294cf,non_coding_transcript_variant,70902816,90,90,70902726,70902816,0.999999,0.999999,0.999999,90,90,1.000000
vep-rs,sweep-20260920T012411Z,23a294cf,missense_variant,35783494,69,69,35783425,35783494,0.999998,0.999998,0.999998,69,69,1.000000
vep-rs,sweep-20260920T012411Z,23a294cf,downstream_gene_variant,30146836,0,0,30146836,30146836,1.000000,1.000000,1.000000,0,0,1.000000
vep-rs,sweep-20260920T012411Z,23a294cf,upstream_gene_variant,25250015,0,0,25250015,25250015,1.000000,1.000000,1.000000,0,0,1.000000
vep-rs,sweep-20260920T012411Z,23a294cf,synonymous_variant,12157381,0,10,12157381,12157391,0.999999,1.000000,1.000000,0,0,1.000000
vep-rs,sweep-20260920T012411Z,23a294cf,NMD_transcript_variant,12126342,503,503,12125839,12126342,0.999959,0.999959,0.999959,499,499,1.000000
vep-rs,sweep-20260920T012411Z,23a294cf,non_coding_transcript_exon_variant,10061610,137,137,10061473,10061610,0.999986,0.999986,0.999986,137,137,1.000000
vep-rs,sweep-20260920T012411Z,23a294cf,3_prime_UTR_variant,5629571,96,95,5629475,5629570,0.999983,0.999983,0.999983,95,95,1.000000
vep-rs,sweep-20260920T012411Z,23a294cf,splice_region_variant,5257276,8,1892,5257268,5259160,0.999640,0.999998,0.999819,8,1892,1.000000
vep-rs,sweep-20260920T012411Z,23a294cf,intergenic_variant,4927601,0,0,4927601,4927601,1.000000,1.000000,1.000000,0,0,1.000000
vep-rs,sweep-20260920T012411Z,23a294cf,splice_polypyrimidine_tract_variant,4916495,368,368,4916127,4916495,0.999925,0.999925,0.999925,368,368,1.000000
vep-rs,sweep-20260920T012411Z,23a294cf,frameshift_variant,2603915,1281,1281,2602634,2603915,0.999508,0.999508,0.999508,1280,1280,1.000000
vep-rs,sweep-20260920T012411Z,23a294cf,stop_gained,1494776,192,192,1494584,1494776,0.999872,0.999872,0.999872,192,192,1.000000
vep-rs,sweep-20260920T012411Z,23a294cf,splice_donor_variant,1251188,1,0,1251187,1251187,1.000000,0.999999,1.000000,0,0,1.000000
vep-rs,sweep-20260920T012411Z,23a294cf,5_prime_UTR_variant,1161850,400,399,1161450,1161849,0.999657,0.999656,0.999656,399,399,1.000000
vep-rs,sweep-20260920T012411Z,23a294cf,splice_acceptor_variant,1074252,1,0,1074251,1074251,1.000000,0.999999,1.000000,0,0,1.000000
vep-rs,sweep-20260920T012411Z,23a294cf,splice_donor_region_variant,759812,0,0,759812,759812,1.000000,1.000000,1.000000,0,0,1.000000
vep-rs,sweep-20260920T012411Z,23a294cf,splice_donor_5th_base_variant,458373,1,4,458372,458376,0.999991,0.999998,0.999995,0,0,0.999995
vep-rs,sweep-20260920T012411Z,23a294cf,inframe_deletion,389223,218,218,389005,389223,0.999440,0.999440,0.999440,215,215,0.999992
vep-rs,sweep-20260920T012411Z,23a294cf,inframe_insertion,155083,0,0,155083,155083,1.000000,1.000000,1.000000,0,0,1.000000
vep-rs,sweep-20260920T012411Z,23a294cf,coding_sequence_variant,138690,40,40,138650,138690,0.999712,0.999712,0.999712,40,40,1.000000
vep-rs,sweep-20260920T012411Z,23a294cf,start_lost,80277,1280,9,78997,79006,0.999886,0.984055,0.991907,1270,1,0.999886
vep-rs,sweep-20260920T012411Z,23a294cf,stop_lost,28706,0,0,28706,28706,1.000000,1.000000,1.000000,0,0,1.000000
vep-rs,sweep-20260920T012411Z,23a294cf,protein_altering_variant,20718,173,173,20545,20718,0.991650,0.991650,0.991650,173,173,1.000000
vep-rs,sweep-20260920T012411Z,23a294cf,stop_retained_variant,20310,0,0,20310,20310,1.000000,1.000000,1.000000,0,0,1.000000
vep-rs,sweep-20260920T012411Z,23a294cf,incomplete_terminal_codon_variant,3990,0,0,3990,3990,1.000000,1.000000,1.000000,0,0,1.000000
vep-rs,sweep-20260920T012411Z,23a294cf,start_retained_variant,2759,1270,1269,1489,2758,0.539884,0.539688,0.539786,1270,1269,1.000000
vep-rs,sweep-20260920T012411Z,23a294cf,transcript_ablation,1346,0,1,1346,1347,0.999258,1.000000,0.999629,0,0,0.999629
vep-rs,sweep-20260920T012411Z,23a294cf,mature_miRNA_variant,1111,0,0,1111,1111,1.000000,1.000000,1.000000,0,0,1.000000
vep-rs,sweep-20260920T012411Z,23a294cf,feature_truncation,667,1,1,666,667,0.998501,0.998501,0.998501,1,1,1.000000
vep-rs,sweep-20260920T012411Z,23a294cf,transcript_amplification,505,0,0,505,505,1.000000,1.000000,1.000000,0,0,1.000000
vep-rs,sweep-20260920T012411Z,23a294cf,feature_elongation,208,0,0,208,208,1.000000,1.000000,1.000000,0,0,1.000000
vep-rs,sweep-20260920T012411Z,23a294cf,coding_transcript_variant,12,1,0,11,11,1.000000,0.916667,0.956522,0,0,0.956522
fastvep,sweep-20260918T224520Z,v0.3.0,intron_variant,128705338,12182185,9405514,116523153,125928667,0.925311,0.905348,0.915221,,,
fastvep,sweep-20260918T224520Z,v0.3.0,non_coding_transcript_variant,70902816,8289594,4628736,62613222,67241958,0.931163,0.883085,0.906487,,,
fastvep,sweep-20260918T224520Z,v0.3.0,missense_variant,35783494,46564,146014,35736930,35882944,0.995931,0.998699,0.997313,,,
fastvep,sweep-20260918T224520Z,v0.3.0,downstream_gene_variant,30146836,4744723,1424864,25402113,26826977,0.946887,0.842613,0.891712,,,
fastvep,sweep-20260918T224520Z,v0.3.0,upstream_gene_variant,25250015,3968356,1308469,21281659,22590128,0.942078,0.842837,0.889699,,,
fastvep,sweep-20260918T224520Z,v0.3.0,synonymous_variant,12157381,1915,82001,12155466,12237467,0.993299,0.999842,0.996560,,,
fastvep,sweep-20260918T224520Z,v0.3.0,NMD_transcript_variant,12126342,481664,1235711,11644678,12880389,0.904063,0.960280,0.931323,,,
fastvep,sweep-20260918T224520Z,v0.3.0,non_coding_transcript_exon_variant,10061610,3046989,260332,7014621,7274953,0.964215,0.697167,0.809229,,,
fastvep,sweep-20260918T224520Z,v0.3.0,3_prime_UTR_variant,5629571,182665,276342,5446906,5723248,0.951716,0.967553,0.959569,,,
fastvep,sweep-20260918T224520Z,v0.3.0,splice_region_variant,5257276,394521,217756,4862755,5080511,0.957139,0.924957,0.940773,,,
fastvep,sweep-20260918T224520Z,v0.3.0,intergenic_variant,4927601,312209,966045,4615392,5581437,0.826918,0.936641,0.878366,,,
fastvep,sweep-20260918T224520Z,v0.3.0,splice_polypyrimidine_tract_variant,4916495,433861,245754,4482634,4728388,0.948026,0.911754,0.929536,,,
fastvep,sweep-20260918T224520Z,v0.3.0,frameshift_variant,2603915,846189,900322,1757726,2658048,0.661285,0.675032,0.668088,,,
fastvep,sweep-20260918T224520Z,v0.3.0,stop_gained,1494776,56122,8514,1438654,1447168,0.994117,0.962455,0.978029,,,
fastvep,sweep-20260918T224520Z,v0.3.0,splice_donor_variant,1251188,183283,50986,1067905,1118891,0.954432,0.853513,0.901156,,,
fastvep,sweep-20260918T224520Z,v0.3.0,5_prime_UTR_variant,1161850,49978,50703,1111872,1162575,0.956387,0.956984,0.956686,,,
fastvep,sweep-20260918T224520Z,v0.3.0,splice_acceptor_variant,1074252,142920,25465,931332,956797,0.973385,0.866959,0.917095,,,
fastvep,sweep-20260918T224520Z,v0.3.0,splice_donor_region_variant,759812,70174,52369,689638,742007,0.929422,0.907643,0.918404,,,
fastvep,sweep-20260918T224520Z,v0.3.0,splice_donor_5th_base_variant,458373,123669,11795,334704,346499,0.965959,0.730200,0.831695,,,
fastvep,sweep-20260918T224520Z,v0.3.0,inframe_deletion,389223,7163,38237,382060,420297,0.909024,0.981597,0.943917,,,
fastvep,sweep-20260918T224520Z,v0.3.0,inframe_insertion,155083,154438,161525,645,162170,0.003977,0.004159,0.004066,,,
fastvep,sweep-20260918T224520Z,v0.3.0,coding_sequence_variant,138690,125391,62654,13299,75953,0.175095,0.095890,0.123917,,,
fastvep,sweep-20260918T224520Z,v0.3.0,start_lost,80277,7178,5768,73099,78867,0.926864,0.910585,0.918652,,,
fastvep,sweep-20260918T224520Z,v0.3.0,stop_lost,28706,6263,170,22443,22613,0.992482,0.781823,0.874647,,,
fastvep,sweep-20260918T224520Z,v0.3.0,protein_altering_variant,20718,20718,0,0,0,0.000000,0.000000,0.000000,,,
fastvep,sweep-20260918T224520Z,v0.3.0,stop_retained_variant,20310,10672,61,9638,9699,0.993711,0.474545,0.642341,,,
fastvep,sweep-20260918T224520Z,v0.3.0,incomplete_terminal_codon_variant,3990,3990,0,0,0,0.000000,0.000000,0.000000,,,
fastvep,sweep-20260918T224520Z,v0.3.0,start_retained_variant,2759,2759,0,0,0,0.000000,0.000000,0.000000,,,
fastvep,sweep-20260918T224520Z,v0.3.0,transcript_ablation,1346,1346,78,0,78,0.000000,0.000000,0.000000,,,
fastvep,sweep-20260918T224520Z,v0.3.0,mature_miRNA_variant,1111,1111,0,0,0,0.000000,0.000000,0.000000,,,
fastvep,sweep-20260918T224520Z,v0.3.0,feature_truncation,667,667,6236,0,6236,0.000000,0.000000,0.000000,,,
fastvep,sweep-20260918T224520Z,v0.3.0,transcript_amplification,505,505,408,0,408,0.000000,0.000000,0.000000,,,
fastvep,sweep-20260918T224520Z,v0.3.0,feature_elongation,208,208,1948,0,1948,0.000000,0.000000,0.000000,,,
fastvep,sweep-20260918T224520Z,v0.3.0,coding_transcript_variant,12,12,1979,0,1979,0.000000,0.000000,0.000000,,,
fastvep,sweep-20260918T224520Z,v0.3.0,copy_number_change,0,0,70,0,70,0.000000,0.000000,0.000000,,,
fastvep,sweep-20260918T224520Z,v0.3.0,copy_number_decrease,0,0,6169,0,6169,0.000000,0.000000,0.000000,,,
fastvep,sweep-20260918T224520Z,v0.3.0,copy_number_increase,0,0,1948,0,1948,0.000000,0.000000,0.000000,,,
fastvep,sweep-20260918T224520Z,v0.3.0,transcript_variant,0,0,22,0,22,0.000000,0.000000,0.000000,,,
